{
  "Workflows": [
    {
      "Path": null,
      "SortBy": 0,
      "VariablesSectionElementsOrder": [],
      "ArgumentsSectionElementsOrder": null,
      "ConstantsSectionElementsOrder": [],
      "AddedNamespaces": null
    },
    {
      "Path": "Main.xaml",
      "SortBy": 0,
      "VariablesSectionElementsOrder": [
        "strArchiveFolderPath&Sequence_1",
        "strInputFilePath&Sequence_1"
      ],
      "ArgumentsSectionElementsOrder": [],
      "ConstantsSectionElementsOrder": [],
      "AddedNamespaces": null
    },
    {
      "Path": "Seq_ReadCSV_SplitData.xaml",
      "SortBy": 0,
      "VariablesSectionElementsOrder": [
        "dtBNZ002&Sequence_1",
        "dtBNZ000&Sequence_1",
        "dtBNZ005&Sequence_1",
        "intBNZ000&Sequence_1",
        "intBNZ002&Sequence_1",
        "intBNZ005&Sequence_1",
        "dtTransactionData&Sequence_1"
      ],
      "ArgumentsSectionElementsOrder": [
        "in_OutputFolderPath",
        "in_TransactionListFilePath"
      ],
      "ConstantsSectionElementsOrder": [],
      "AddedNamespaces": null
    },
    {
      "Path": "Seq_Vlookup_Classification.xaml",
      "SortBy": 0,
      "VariablesSectionElementsOrder": [
        "dtBNZ000&Sequence_1",
        "dtBNZ005&Sequence_1",
        "dtBNZ002&Sequence_1",
        "dtBNZ000&Sequence_3"
      ],
      "ArgumentsSectionElementsOrder": [
        "in_OutputFolderPath",
        "in_ClassificationFilePath"
      ],
      "ConstantsSectionElementsOrder": [],
      "AddedNamespaces": null
    },
    {
      "Path": "Seq_GetTransactionListFilePath.xaml",
      "SortBy": 0,
      "VariablesSectionElementsOrder": [],
      "ArgumentsSectionElementsOrder": [
        "out_InputFilePath",
        "ïn_InputFolderPath"
      ],
      "ConstantsSectionElementsOrder": [],
      "AddedNamespaces": null
    },
    {
      "Path": "Test.xaml",
      "SortBy": 0,
      "VariablesSectionElementsOrder": [
        "dtTest&Sequence_1"
      ],
      "ArgumentsSectionElementsOrder": [],
      "ConstantsSectionElementsOrder": [],
      "AddedNamespaces": null
    },
    {
      "Path": "Seq_CreatePivot.xaml",
      "SortBy": 0,
      "VariablesSectionElementsOrder": [
        "dt5&Sequence_1",
        "dt2&Sequence_1",
        "dt0&Sequence_1",
        "PivotSheet2&Sequence_1",
        "PivotSheet5&Sequence_1",
        "PivotSheet0&Sequence_1"
      ],
      "ArgumentsSectionElementsOrder": [
        "in_OutputFolderPath"
      ],
      "ConstantsSectionElementsOrder": [],
      "AddedNamespaces": null
    }
  ]
}